"contents href","_image_yazkc_11 src","whitespace-normal","font-medium 2","h-4","pointer-events-none src","inline-block","truncate 2"
"https://shopee.co.id/EIGER-KINKAJOU-PINCH-2.0-SANDALS-i.19260065.5975866348?extraParams=%7B%22display_model_id%22%3A53321863152%2C%22model_selection_logic%22%3A3%7D","https://down-id.img.susercontent.com/file/15829e79e8e5e82b4f3ab0628c55081f","EIGER KINKAJOU PINCH 2.0 SANDALS","234.000","-2%","https://deo.shopeemobile.com/shopee/modules-federation/live/0/shopee__item-card-centralisation/0.1.11/pc/b4d1b8a78b3621dbdf4a.svg","4.9","10RB+ terjual"
"https://shopee.co.id/EIGER-TOMAHAWK-PINCH-STRAP-PATTERN-2-SANDALS-i.19260065.9455720968?extraParams=%7B%22display_model_id%22%3A92071459488%2C%22model_selection_logic%22%3A3%7D","https://down-id.img.susercontent.com/file/e29b6f4b0c5a60d83430a63615b28964","EIGER TOMAHAWK PINCH STRAP PATTERN 2 SANDALS","192.100","-12%","https://deo.shopeemobile.com/shopee/modules-federation/live/0/shopee__item-card-centralisation/0.1.11/pc/b4d1b8a78b3621dbdf4a.svg","4.9","10RB+ terjual"
"https://shopee.co.id/EIGER-LEOPARD-SHOES-i.19260065.25834083893?extraParams=%7B%22display_model_id%22%3A98969005500%2C%22model_selection_logic%22%3A3%7D","https://down-id.img.susercontent.com/file/id-11134207-7r98r-lya9km9792vv42","EIGER LEOPARD SHOES","799.000","-6%","https://deo.shopeemobile.com/shopee/modules-federation/live/0/shopee__item-card-centralisation/0.1.11/pc/b4d1b8a78b3621dbdf4a.svg","5.0","1RB+ terjual"
"https://shopee.co.id/EIGER-LANZAROTE-SANDALS-i.19260065.9110771158?extraParams=%7B%22display_model_id%22%3A24117870715%2C%22model_selection_logic%22%3A3%7D","https://down-id.img.susercontent.com/file/884c32094688937e12dd109bf058377d","EIGER LANZAROTE SANDALS","174.000","-3%","https://deo.shopeemobile.com/shopee/modules-federation/live/0/shopee__item-card-centralisation/0.1.11/pc/b4d1b8a78b3621dbdf4a.svg","4.8","10RB+ terjual"
"https://shopee.co.id/EIGER-NORTE-SLIDER-2.0-SANDALS-i.19260065.27774228282?extraParams=%7B%22display_model_id%22%3A208168792384%2C%22model_selection_logic%22%3A3%7D","https://down-id.img.susercontent.com/file/id-11134207-7rasc-m5b5qvy1mqoo7b","EIGER NORTE SLIDER 2.0 SANDALS","214.000","-2%","https://deo.shopeemobile.com/shopee/modules-federation/live/0/shopee__item-card-centralisation/0.1.11/pc/b4d1b8a78b3621dbdf4a.svg","4.9","10RB+ terjual"
"https://shopee.co.id/EIGER-TIGERCLAW-2.5-SHOES-i.19260065.25784083590?extraParams=%7B%22display_model_id%22%3A129016736580%2C%22model_selection_logic%22%3A3%7D","https://down-id.img.susercontent.com/file/id-11134207-7r990-lya9km974v6ma4","EIGER TIGERCLAW 2.5 SHOES","789.000","-6%","https://deo.shopeemobile.com/shopee/modules-federation/live/0/shopee__item-card-centralisation/0.1.11/pc/b4d1b8a78b3621dbdf4a.svg","4.9","3RB+ terjual"
"https://shopee.co.id/EIGER-HILLWANDER-TOE-SANDALS-i.19260065.29125667684?extraParams=%7B%22display_model_id%22%3A178702364778%2C%22model_selection_logic%22%3A3%7D","https://down-id.img.susercontent.com/file/id-11134207-7rasa-m61zu2okrc5c94","EIGER HILLWANDER TOE SANDALS","564.000","-4%","https://deo.shopeemobile.com/shopee/modules-federation/live/0/shopee__item-card-centralisation/0.1.11/pc/b4d1b8a78b3621dbdf4a.svg","4.9","1RB+ terjual"
"https://shopee.co.id/EIGER-KINKAJOU-3.5-SANDALS-i.19260065.23635239687?extraParams=%7B%22display_model_id%22%3A98667100432%2C%22model_selection_logic%22%3A3%7D","https://down-id.img.susercontent.com/file/id-11134201-7qul7-lewcwl2qmk3h75","EIGER KINKAJOU 3.5 SANDALS","224.000","-2%","https://deo.shopeemobile.com/shopee/modules-federation/live/0/shopee__item-card-centralisation/0.1.11/pc/b4d1b8a78b3621dbdf4a.svg","4.9","7RB+ terjual"
"https://shopee.co.id/EIGER-KINKAJOU-PINCH-4.0-SANDALS-i.19260065.18296552416?extraParams=%7B%22display_model_id%22%3A245820513201%2C%22model_selection_logic%22%3A3%7D","https://down-id.img.susercontent.com/file/id-11134207-7r992-lv9ujc68kjtf13","EIGER KINKAJOU PINCH 4.0 SANDALS","234.000","-2%","https://deo.shopeemobile.com/shopee/modules-federation/live/0/shopee__item-card-centralisation/0.1.11/pc/b4d1b8a78b3621dbdf4a.svg","4.9","7RB+ terjual"
"https://shopee.co.id/EIGER-TROCADERO-AZTECA-2.0-SANDALS-i.19260065.8573644414?extraParams=%7B%22display_model_id%22%3A36228328068%2C%22model_selection_logic%22%3A3%7D","https://down-id.img.susercontent.com/file/id-11134207-7r98r-lodnunp2p00q7b","EIGER TROCADERO AZTECA 2.0 SANDALS","214.000","-2%","https://deo.shopeemobile.com/shopee/modules-federation/live/0/shopee__item-card-centralisation/0.1.11/pc/b4d1b8a78b3621dbdf4a.svg","4.8","10RB+ terjual"
"https://shopee.co.id/EIGER-CALDERA-MEN-2.0-ROLL-STRAP-SANDALS-i.19260065.13226190777?extraParams=%7B%22display_model_id%22%3A103028707566%2C%22model_selection_logic%22%3A3%7D","https://down-id.img.susercontent.com/file/e90e238a2e4a48fa22b936bb71044558","EIGER CALDERA MEN 2.0 ROLL STRAP SANDALS","282.100","-12%","https://deo.shopeemobile.com/shopee/modules-federation/live/0/shopee__item-card-centralisation/0.1.11/pc/b4d1b8a78b3621dbdf4a.svg","4.9","10RB+ terjual"
"https://shopee.co.id/EIGER-VISAYAS-MEN-SANDALS-i.19260065.25320667352?extraParams=%7B%22display_model_id%22%3A118531815275%2C%22model_selection_logic%22%3A3%7D","https://down-id.img.susercontent.com/file/id-11134207-7r98v-lt9fobntd4gp11","EIGER VISAYAS MEN SANDALS","174.000","-3%","https://deo.shopeemobile.com/shopee/modules-federation/live/0/shopee__item-card-centralisation/0.1.11/pc/b4d1b8a78b3621dbdf4a.svg","4.9","5RB+ terjual"
"https://shopee.co.id/EIGER-PARAVEL-12L-SHOES-BAG-i.19260065.7496551140?extraParams=%7B%22display_model_id%22%3A83973833337%2C%22model_selection_logic%22%3A3%7D","https://down-id.img.susercontent.com/file/id-11134207-7ra0q-mcims6jnuxw828","EIGER PARAVEL 12L SHOES BAG","183.100","-12%","https://deo.shopeemobile.com/shopee/modules-federation/live/0/shopee__item-card-centralisation/0.1.11/pc/b4d1b8a78b3621dbdf4a.svg","4.9","2RB+ terjual"
"https://shopee.co.id/EIGER-BHARDEV-PINCH-SOLE-BLACK-SANDALS-i.19260065.5681610991?extraParams=%7B%22display_model_id%22%3A24692852158%2C%22model_selection_logic%22%3A3%7D","https://down-id.img.susercontent.com/file/id-11134207-81ztd-menqqlc7h1c0db","EIGER BHARDEV PINCH SOLE BLACK SANDALS","244.000","-2%","https://deo.shopeemobile.com/shopee/modules-federation/live/0/shopee__item-card-centralisation/0.1.11/pc/b4d1b8a78b3621dbdf4a.svg","4.9","10RB+ terjual"
"https://shopee.co.id/EIGER-CUSCO-PINCH-SANDALS-i.19260065.29875905804?extraParams=%7B%22display_model_id%22%3A233792708875%2C%22model_selection_logic%22%3A3%7D","https://down-id.img.susercontent.com/file/id-11134207-7rash-m64tt3cpwjc802","EIGER CUSCO PINCH SANDALS","224.000","-2%","https://deo.shopeemobile.com/shopee/modules-federation/live/0/shopee__item-card-centralisation/0.1.11/pc/b4d1b8a78b3621dbdf4a.svg","4.9","2RB+ terjual"
"https://shopee.co.id/EIGER-TOMAHAWK-SANDALS-BLACK-i.19260065.9209617832?extraParams=%7B%22display_model_id%22%3A33322169793%2C%22model_selection_logic%22%3A3%7D","https://down-id.img.susercontent.com/file/58a8099b29cf8279c551c1321ba05d74","EIGER TOMAHAWK SANDALS BLACK","284.000","-2%","https://deo.shopeemobile.com/shopee/modules-federation/live/0/shopee__item-card-centralisation/0.1.11/pc/b4d1b8a78b3621dbdf4a.svg","4.9","10RB+ terjual"
"https://shopee.co.id/EIGER-KINKAJOU-PINCH-3.0-SANDALS-i.19260065.15777933522?extraParams=%7B%22display_model_id%22%3A116352236546%2C%22model_selection_logic%22%3A3%7D","https://down-id.img.susercontent.com/file/1f201ea9125253d07b9e430f8d0fb2c6","EIGER KINKAJOU PINCH 3.0 SANDALS","234.000","-2%","https://deo.shopeemobile.com/shopee/modules-federation/live/0/shopee__item-card-centralisation/0.1.11/pc/b4d1b8a78b3621dbdf4a.svg","4.9","10RB+ terjual"
"https://shopee.co.id/EIGER-CALDERA-PINCH-2.0-SANDALS-i.19260065.8786626803?extraParams=%7B%22display_model_id%22%3A46802213228%2C%22model_selection_logic%22%3A3%7D","https://down-id.img.susercontent.com/file/c910f46e0003e8872da808463bd3e180","EIGER CALDERA PINCH 2.0 SANDALS","228.100","-12%","https://deo.shopeemobile.com/shopee/modules-federation/live/0/shopee__item-card-centralisation/0.1.11/pc/b4d1b8a78b3621dbdf4a.svg","4.9","10RB+ terjual"
"https://shopee.co.id/EIGER-JUNIOR-TALON-SHOES-i.19260065.26987181667?extraParams=%7B%22display_model_id%22%3A234269479072%2C%22model_selection_logic%22%3A3%7D","https://down-id.img.susercontent.com/file/id-11134207-7rbk8-maji8dyygxnv7e","EIGER JUNIOR TALON SHOES","534.000","-4%","https://deo.shopeemobile.com/shopee/modules-federation/live/0/shopee__item-card-centralisation/0.1.11/pc/b4d1b8a78b3621dbdf4a.svg","5.0","260 terjual"
"https://shopee.co.id/EIGER-WS-SHIKRA-SL-SHOES-i.19260065.27410724178?extraParams=%7B%22display_model_id%22%3A241559988607%2C%22model_selection_logic%22%3A3%7D","https://down-id.img.susercontent.com/file/id-11134207-822wn-mlxanw4rdmv539","EIGER WS SHIKRA SL SHOES","1.174.000","-6%","https://deo.shopeemobile.com/shopee/modules-federation/live/0/shopee__item-card-centralisation/0.1.11/pc/b4d1b8a78b3621dbdf4a.svg","4.9","923 terjual"
"https://shopee.co.id/EIGER-CAYMAN-2-SHOES-i.19260065.42002191416?extraParams=%7B%22display_model_id%22%3A275180471391%2C%22model_selection_logic%22%3A3%7D","https://down-id.img.susercontent.com/file/id-11134207-7rbkb-ma86czaqicn4c9","EIGER CAYMAN 2 SHOES","849.000","-6%","https://deo.shopeemobile.com/shopee/modules-federation/live/0/shopee__item-card-centralisation/0.1.11/pc/b4d1b8a78b3621dbdf4a.svg","5.0","614 terjual"
"https://shopee.co.id/EIGER-COFETE-WS-1.0-SANDALS-i.19260065.14905426289?extraParams=%7B%22display_model_id%22%3A59536115128%2C%22model_selection_logic%22%3A3%7D","https://down-id.img.susercontent.com/file/38d9ffe1652a62e8a0661e2667b5474c","EIGER COFETE WS 1.0 SANDALS","139.000","","","4.9","3RB+ terjual"
"https://shopee.co.id/EIGER-HARRIER-SHOES-i.19260065.18862925390?extraParams=%7B%22display_model_id%22%3A109468925351%2C%22model_selection_logic%22%3A3%7D","https://down-id.img.susercontent.com/file/id-11134207-7rbk1-m8jzrrr5h34d2b","EIGER HARRIER SHOES","1.284.000","-6%","https://deo.shopeemobile.com/shopee/modules-federation/live/0/shopee__item-card-centralisation/0.1.11/pc/b4d1b8a78b3621dbdf4a.svg","4.9","670 terjual"
"https://shopee.co.id/EIGER-WS-GYRFALCON-WOMAN-SHOES-i.19260065.12018753527?extraParams=%7B%22display_model_id%22%3A49807666064%2C%22model_selection_logic%22%3A3%7D","https://down-id.img.susercontent.com/file/c79262357144c8ad1e9699d04e25c252","EIGER WS GYRFALCON WOMAN SHOES","694.200","-23%","https://deo.shopeemobile.com/shopee/modules-federation/live/0/shopee__item-card-centralisation/0.1.11/pc/b4d1b8a78b3621dbdf4a.svg","4.9","1RB+ terjual"
"https://shopee.co.id/EIGER-CHARMELEON-2.0-SANDALS-i.19260065.25128456688?extraParams=%7B%22display_model_id%22%3A232758735229%2C%22model_selection_logic%22%3A3%7D","https://down-id.img.susercontent.com/file/id-11134207-7r992-luw3xlxdwhb178","EIGER CHARMELEON 2.0 SANDALS","202.200","-22%","https://deo.shopeemobile.com/shopee/modules-federation/live/0/shopee__item-card-centralisation/0.1.11/pc/b4d1b8a78b3621dbdf4a.svg","4.9","1RB+ terjual"
"https://shopee.co.id/EIGER-MAMBA-LOW-SHOES-i.19260065.18184732422?extraParams=%7B%22display_model_id%22%3A204619499844%2C%22model_selection_logic%22%3A3%7D","https://down-id.img.susercontent.com/file/id-11134207-7r992-lm8n28wdy6r8d0","EIGER MAMBA LOW SHOES","949.809","-35%","https://deo.shopeemobile.com/shopee/modules-federation/live/0/shopee__item-card-centralisation/0.1.11/pc/b4d1b8a78b3621dbdf4a.svg","4.9","909 terjual"
"https://shopee.co.id/EIGER-TOMAHAWK-ROLL-STRAP-PATTERN-2-SANDALS-i.19260065.16238101077?extraParams=%7B%22display_model_id%22%3A58578314678%2C%22model_selection_logic%22%3A3%7D","https://down-id.img.susercontent.com/file/21932a35acdaab1d80a14c7b47d4c736","EIGER TOMAHAWK ROLL STRAP PATTERN 2 SANDALS","314.000","-2%","https://deo.shopeemobile.com/shopee/modules-federation/live/0/shopee__item-card-centralisation/0.1.11/pc/b4d1b8a78b3621dbdf4a.svg","4.9","10RB+ terjual"
"https://shopee.co.id/EIGER-STINGRAY-1.0-SHOES-i.19260065.15496017491?extraParams=%7B%22display_model_id%22%3A230668465253%2C%22model_selection_logic%22%3A3%7D","https://down-id.img.susercontent.com/file/id-11134207-7ra0q-mck1ranivrbs40","EIGER STINGRAY 1.0 SHOES","1.024.000","-7%","https://deo.shopeemobile.com/shopee/modules-federation/live/0/shopee__item-card-centralisation/0.1.11/pc/b4d1b8a78b3621dbdf4a.svg","4.9","1RB+ terjual"
"https://shopee.co.id/EIGER-MOZAMBIQUE-MEN-SANDALS-i.19260065.8076983526?extraParams=%7B%22display_model_id%22%3A250089915124%2C%22model_selection_logic%22%3A3%7D","https://down-id.img.susercontent.com/file/458cd2bf3c5afc68eca6552b3c91d1df","EIGER MOZAMBIQUE MEN SANDALS","294.000","-2%","https://deo.shopeemobile.com/shopee/modules-federation/live/0/shopee__item-card-centralisation/0.1.11/pc/b4d1b8a78b3621dbdf4a.svg","4.9","4RB+ terjual"
"https://shopee.co.id/EIGER-VASHROLL-1.0-SANDALS-i.19260065.28517709419?extraParams=%7B%22display_model_id%22%3A242036439930%2C%22model_selection_logic%22%3A3%7D","https://down-id.img.susercontent.com/file/id-11134207-7rasb-m2matvu3auad8c","EIGER VASHROLL 1.0 SANDALS","344.736","-14%","https://deo.shopeemobile.com/shopee/modules-federation/live/0/shopee__item-card-centralisation/0.1.11/pc/b4d1b8a78b3621dbdf4a.svg","4.9","1RB+ terjual"